Date,Sep,Opp,Result,TeamScore,OpponentScore,FG,FGA,FG%,3P,3PA,3P%,FT,FTA,FT%,ORB,TRB,AST,STL,BLK,TOV,PF
1999-05-04,,SAS,L,81,87,33,77,.429,6,13,.462,9,14,.643,11,39,26,8,5,15,20
1999-05-05,@,LAL,L,91,119,37,86,.430,6,17,.353,11,21,.524,11,38,24,6,7,14,31
1999-11-02,@,VAN,W,106,86,45,82,.549,3,12,.250,13,18,.722,9,39,29,8,4,10,28
1999-11-03,,LAC,W,121,98,45,74,.608,4,10,.400,27,33,.818,8,41,32,7,7,15,24
1999-11-05,,DEN,W,95,83,37,78,.474,4,11,.364,17,28,.607,14,43,24,10,4,19,21
1999-11-06,,LAL,W,97,82,38,69,.551,1,9,.111,20,21,.952,5,40,21,7,3,17,33
1999-11-09,@,UTA,L,87,92,30,73,.411,4,14,.286,23,31,.742,12,40,19,7,4,10,27
1999-11-12,@,DEN,W,93,78,37,89,.416,8,14,.571,11,13,.846,15,46,24,6,6,13,18
1999-11-13,,ATL,W,131,95,53,81,.654,4,15,.267,21,32,.656,9,47,33,5,7,17,27
1999-11-16,@,MIA,W,101,96,37,72,.514,5,14,.357,22,29,.759,9,42,18,6,5,13,20
1999-11-17,@,ORL,W,81,79,34,83,.410,2,14,.143,11,19,.579,11,43,24,14,9,18,18
1999-11-19,@,PHI,W,97,91,36,71,.507,4,8,.500,21,35,.600,5,42,30,7,9,14,23
1999-11-20,@,CHH,W,100,96,39,90,.433,3,13,.231,19,22,.864,8,41,33,5,7,13,33
1999-11-23,@,CLE,L,100,103,35,88,.398,5,21,.238,25,28,.893,17,51,23,6,10,16,27
1999-11-24,@,MIN,W,88,81,29,76,.382,6,10,.600,24,28,.857,12,54,22,3,4,12,19
1999-11-26,,HOU,W,91,88,35,88,.398,4,12,.333,17,26,.654,13,47,21,13,4,12,25
1999-11-27,@,LAC,W,88,71,37,87,.425,6,16,.375,8,9,.889,12,47,21,11,2,13,23
1999-11-29,,IND,L,91,93,33,83,.398,4,13,.308,21,24,.875,12,46,23,5,8,12,20
1999-12-01,,CHH,W,94,90,37,72,.514,6,14,.429,14,24,.583,9,41,27,7,6,21,25
1999-12-03,@,LAL,L,80,93,26,76,.342,7,15,.467,21,25,.840,7,42,17,4,5,12,31
1999-12-05,@,PHO,W,92,90,33,68,.485,0,5,.000,26,36,.722,9,41,24,9,6,20,18
1999-12-07,,MIA,L,76,86,31,80,.388,4,14,.286,10,14,.714,11,40,21,11,2,17,19
1999-12-09,,MIN,W,90,86,32,66,.485,1,11,.091,25,32,.781,10,37,21,5,5,19,23
1999-12-11,@,SAC,W,101,96,39,93,.419,6,14,.429,17,23,.739,16,58,28,10,5,13,22
1999-12-16,@,SEA,W,107,81,45,85,.529,10,19,.526,7,15,.467,11,45,31,11,10,13,12
1999-12-17,,PHO,L,102,110,41,84,.488,9,22,.409,11,17,.647,12,44,26,4,4,15,20
1999-12-20,@,DEN,L,88,97,34,85,.400,7,21,.333,13,17,.765,18,47,22,4,12,18,27
1999-12-21,@,HOU,W,89,79,40,90,.444,4,17,.235,5,6,.833,16,42,19,8,7,12,21
1999-12-23,,GSW,W,111,91,37,77,.481,6,19,.316,31,40,.775,10,40,27,5,6,10,18
1999-12-28,,SEA,W,94,89,39,78,.500,4,11,.364,12,21,.571,14,49,24,7,2,17,28
1999-12-30,,PHI,W,108,90,37,75,.493,9,18,.500,25,31,.806,10,46,25,11,6,20,27
2000-01-03,@,CHI,W,88,63,36,72,.500,2,11,.182,14,19,.737,5,39,30,20,9,23,22
2000-01-04,@,TOR,W,114,90,42,77,.545,8,11,.727,22,28,.786,7,44,24,6,4,17,20
2000-01-06,@,MIN,L,96,98,35,65,.538,3,8,.375,23,34,.676,9,29,17,14,0,18,26
2000-01-08,,PHO,W,96,91,34,71,.479,3,10,.300,25,37,.676,15,47,21,6,3,18,24
2000-01-10,,DAL,W,107,94,42,79,.532,7,19,.368,16,22,.727,15,47,32,5,3,13,18
2000-01-12,,CLE,W,95,75,42,79,.532,2,9,.222,9,12,.750,10,40,23,8,5,14,17
2000-01-14,@,PHO,W,105,83,35,74,.473,6,17,.353,29,36,.806,8,36,23,13,4,10,23
2000-01-15,@,DAL,L,105,113,34,78,.436,6,17,.353,31,40,.775,14,42,20,6,7,10,22
2000-01-18,@,HOU,L,89,90,37,86,.430,4,11,.364,11,16,.688,14,46,21,8,6,18,23
2000-01-19,@,SAS,W,105,95,42,75,.560,3,9,.333,18,27,.667,11,40,31,7,4,11,27
2000-01-22,@,LAL,W,95,91,40,87,.460,3,13,.231,12,17,.706,10,45,23,8,4,10,19
2000-01-24,,NJN,W,101,87,40,77,.519,5,8,.625,16,20,.800,10,44,30,7,5,19,15
2000-01-27,,UTA,W,85,75,36,77,.468,4,8,.500,9,14,.643,10,48,20,3,3,15,24
2000-01-29,,SAS,W,81,67,30,66,.455,3,7,.429,18,24,.750,9,45,20,10,1,18,24
2000-02-01,,CHI,W,92,81,37,78,.474,1,10,.100,17,20,.850,19,51,25,6,6,18,17
2000-02-03,@,NYK,L,88,98,35,83,.422,8,20,.400,10,13,.769,13,46,18,4,0,14,27
2000-02-04,@,ATL,W,97,90,37,83,.446,6,14,.429,17,24,.708,10,44,22,4,7,11,24
2000-02-06,@,BOS,W,100,94,33,75,.440,4,11,.364,30,39,.769,17,42,19,9,9,14,26
2000-02-07,@,MIL,W,115,111,40,75,.533,9,16,.563,26,34,.765,10,34,23,7,3,11,19
2000-02-09,,LAC,W,107,100,36,68,.529,3,10,.300,32,36,.889,13,39,26,4,5,16,13
2000-02-15,@,GSW,W,92,83,35,95,.368,7,17,.412,15,23,.652,20,58,23,9,5,14,18
2000-02-16,,GSW,W,99,95,33,71,.465,8,13,.615,25,29,.862,13,39,23,15,5,26,21
2000-02-18,,WAS,W,93,85,30,81,.370,5,20,.250,28,34,.824,20,51,16,5,6,16,29
2000-02-20,@,SAC,W,108,103,39,86,.453,8,13,.615,22,26,.846,13,47,22,15,5,19,28
2000-02-21,,BOS,W,105,92,36,73,.493,2,9,.222,31,40,.775,8,39,24,13,6,19,25
2000-02-24,,ORL,W,111,92,44,79,.557,7,14,.500,16,19,.842,9,40,27,12,5,15,21
2000-02-27,,UTA,W,101,92,33,68,.485,8,15,.533,27,33,.818,11,41,22,5,1,11,22
2000-02-29,,LAL,L,87,90,36,89,.404,4,17,.235,11,14,.786,17,44,18,13,0,11,22
2000-03-03,,VAN,W,101,91,39,77,.506,3,16,.188,20,26,.769,12,47,28,10,5,16,24
2000-03-06,,TOR,L,90,109,34,77,.442,3,14,.214,19,24,.792,14,45,22,6,2,17,23
2000-03-08,@,NJN,L,103,115,37,80,.463,6,14,.429,23,31,.742,13,45,26,7,7,13,29
2000-03-09,@,IND,L,119,127,41,85,.482,5,14,.357,32,40,.800,9,41,19,5,7,10,37
2000-03-11,@,DET,W,99,94,35,73,.479,7,18,.389,22,28,.786,11,41,19,7,2,12,26
2000-03-12,@,WAS,W,102,86,35,68,.515,10,17,.588,22,24,.917,9,48,18,4,6,18,19
2000-03-14,,SAC,W,96,91,36,87,.414,4,15,.267,20,25,.800,19,59,22,9,4,19,27
2000-03-16,,MIN,L,92,96,38,74,.514,4,11,.364,12,19,.632,9,41,21,2,2,17,20
2000-03-18,@,SEA,W,97,96,38,78,.487,2,10,.200,19,21,.905,12,41,27,3,5,17,24
2000-03-22,,DET,L,95,104,38,85,.447,4,14,.286,15,21,.714,12,38,25,8,5,12,22
2000-03-24,@,GSW,W,96,83,34,68,.500,8,11,.727,20,31,.645,8,33,20,13,8,17,21
2000-03-26,,NYK,L,89,93,36,76,.474,5,15,.333,12,17,.706,14,37,19,7,3,14,16
2000-03-28,,SAS,L,85,89,33,82,.402,5,14,.357,14,18,.778,9,32,21,8,4,8,18
2000-03-30,,DAL,W,96,85,39,72,.542,6,11,.545,12,19,.632,10,36,25,6,2,15,19
2000-04-01,,MIL,W,113,79,43,84,.512,9,23,.391,18,25,.720,14,45,32,9,5,10,26
2000-04-02,,SEA,W,95,82,33,80,.413,5,16,.313,24,30,.800,13,47,18,11,1,11,24
2000-04-05,,HOU,L,105,118,41,87,.471,9,23,.391,14,18,.778,15,35,24,7,5,9,22
2000-04-06,@,VAN,L,87,89,34,86,.395,4,16,.250,15,15,1.000,15,38,20,8,5,12,20
2000-04-08,,VAN,W,98,85,35,63,.556,3,13,.231,25,32,.781,8,31,27,3,7,11,26
2000-04-10,@,UTA,W,90,86,31,69,.449,4,14,.286,24,30,.800,8,30,16,7,3,11,32
2000-04-11,@,DAL,L,81,92,28,81,.346,6,21,.286,19,33,.576,27,59,14,8,1,15,21
2000-04-13,@,SAS,W,93,77,39,69,.565,4,11,.364,11,15,.733,8,34,27,11,6,14,22
2000-04-16,,SAC,W,102,95,40,88,.455,3,13,.231,19,21,.905,13,50,29,5,3,12,22
2000-04-18,@,LAC,W,116,100,48,75,.640,5,10,.500,15,18,.833,9,40,30,7,2,17,16
2000-04-19,,DEN,L,95,96,36,86,.419,4,11,.364,19,21,.905,11,45,24,4,6,8,16
2000-10-31,,LAL,L,86,96,34,85,.400,4,11,.364,14,16,.875,13,32,18,13,1,10,28
2000-11-02,@,PHO,L,82,108,29,66,.439,4,11,.364,20,25,.800,10,36,24,5,6,25,29
2000-11-04,@,SEA,W,97,90,41,90,.456,2,9,.222,13,17,.765,23,54,28,11,6,22,28
2000-11-06,@,SAC,L,75,79,32,87,.368,3,13,.231,8,11,.727,12,48,20,4,10,11,19
2000-11-07,,ATL,W,97,88,40,83,.482,8,19,.421,9,11,.818,10,43,27,6,15,18,25
2000-11-09,,DEN,W,107,91,40,78,.513,5,11,.455,22,26,.846,9,36,31,10,7,11,23
2000-11-11,,HOU,W,111,88,43,71,.606,7,9,.778,18,28,.643,3,39,31,7,6,15,19
2000-11-13,@,NJN,W,94,82,36,72,.500,3,9,.333,19,23,.826,11,44,22,13,9,24,20
2000-11-14,@,ATL,L,97,99,37,73,.507,1,6,.167,22,33,.667,13,34,14,10,6,18,21
2000-11-16,@,TOR,W,86,80,35,76,.461,2,7,.286,14,20,.700,9,49,23,3,7,11,21
2000-11-18,@,MIA,L,80,86,31,68,.456,3,14,.214,15,19,.789,8,43,14,6,3,18,21
2000-11-19,@,ORL,W,110,102,37,87,.425,6,17,.353,30,37,.811,16,44,24,12,11,12,25
2000-11-21,@,WAS,W,104,94,39,78,.500,6,8,.750,20,28,.714,15,43,22,10,8,15,23
2000-11-22,@,MIL,W,93,84,34,69,.493,6,16,.375,19,20,.950,9,40,20,6,4,17,21
2000-11-25,,NJN,W,86,84,32,68,.471,6,16,.375,16,22,.727,12,37,22,6,2,23,23
2000-11-28,,SEA,L,93,105,30,77,.390,8,21,.381,25,30,.833,14,40,18,9,9,12,18
2000-11-30,,DAL,W,95,84,38,74,.514,3,12,.250,16,21,.762,12,39,22,10,5,16,19
2000-12-02,@,HOU,W,96,85,36,73,.493,5,11,.455,19,26,.731,10,36,22,12,5,11,16
2000-12-03,@,PHO,L,79,84,30,73,.411,3,11,.273,16,22,.727,10,45,18,8,6,21,20
2000-12-06,,TOR,W,95,88,40,84,.476,3,10,.300,12,16,.750,13,43,25,9,5,10,22
2000-12-08,,PHI,L,94,107,39,81,.481,3,10,.300,13,18,.722,7,35,28,12,7,15,24
2000-12-09,,DET,W,114,83,38,82,.463,6,16,.375,32,36,.889,10,45,25,17,3,17,32
2000-12-12,@,GSW,W,101,93,39,79,.494,3,10,.300,20,25,.800,12,42,31,9,5,14,17
2000-12-13,,LAL,W,96,86,33,85,.388,5,13,.385,25,27,.926,18,54,18,4,4,13,22
2000-12-15,,ORL,W,106,96,41,79,.519,2,11,.182,22,29,.759,15,51,27,5,1,20,25
2000-12-20,@,DAL,L,101,106,38,80,.475,7,17,.412,18,23,.783,12,34,26,14,2,15,23
2000-12-22,@,DEN,L,96,116,35,86,.407,6,12,.500,20,25,.800,16,45,25,5,5,10,23
2000-12-23,,WAS,W,87,70,37,78,.474,3,12,.250,10,14,.714,11,41,28,12,4,19,25
2000-12-25,@,LAL,W,109,104,37,76,.487,4,11,.364,31,46,.674,12,45,19,4,5,9,29
2000-12-28,@,UTA,W,103,102,36,79,.456,7,22,.318,24,29,.828,11,38,20,10,5,18,35
2000-12-29,,VAN,W,104,81,46,84,.548,2,10,.200,10,13,.769,14,46,31,16,3,23,17
2001-01-01,,CHH,W,89,67,29,70,.414,4,15,.267,27,30,.900,11,47,20,8,4,14,17
2001-01-03,,IND,W,102,86,39,79,.494,3,10,.300,21,28,.750,9,42,26,10,7,11,20
2001-01-05,,MIL,W,119,115,41,66,.621,3,10,.300,34,43,.791,7,37,32,5,6,20,24
2001-01-08,@,BOS,W,98,90,34,78,.436,4,16,.250,26,32,.813,15,40,20,15,6,17,12
2001-01-10,@,PHI,W,93,75,41,73,.562,5,11,.455,6,10,.600,10,46,34,6,10,17,15
2001-01-11,@,CHH,W,83,70,33,74,.446,5,10,.500,12,18,.667,14,55,25,4,6,16,15
2001-01-13,@,NYK,L,78,91,27,68,.397,6,16,.375,18,29,.621,13,44,18,4,3,17,27
2001-01-14,@,DET,W,103,96,39,88,.443,7,12,.583,18,28,.643,15,43,22,13,1,16,26
2001-01-16,,CLE,W,103,83,39,75,.520,7,18,.389,18,25,.720,9,38,27,7,6,11,17
2001-01-18,,MIA,W,85,74,32,77,.416,1,9,.111,20,23,.870,10,48,22,7,2,17,19
2001-01-20,,SAC,L,101,111,44,79,.557,6,18,.333,7,11,.636,9,34,30,10,4,18,23
2001-01-22,@,CLE,L,58,84,21,75,.280,3,16,.188,13,18,.722,14,46,14,9,7,14,14
2001-01-23,@,CHI,W,104,100,34,68,.500,5,11,.455,31,37,.838,9,37,28,9,4,23,26
2001-01-25,@,IND,W,92,82,37,78,.474,1,11,.091,17,24,.708,10,38,25,7,7,11,22
2001-01-27,@,MIN,L,80,93,32,83,.386,4,11,.364,12,15,.800,13,43,18,6,3,11,15
2001-01-30,,CHI,W,92,81,37,74,.500,1,5,.200,17,22,.773,15,44,25,11,8,17,14
2001-02-01,,PHO,W,100,92,34,73,.466,6,8,.750,26,31,.839,13,44,21,8,2,17,18
2001-02-03,@,LAC,L,89,90,37,76,.487,3,10,.300,12,19,.632,12,39,18,5,1,11,16
2001-02-07,,SEA,W,97,80,41,89,.461,5,10,.500,10,15,.667,16,46,21,9,6,12,17
2001-02-13,,MIN,W,109,88,44,84,.524,4,8,.500,17,21,.810,13,44,30,9,1,16,17
2001-02-15,,SAC,W,105,81,45,86,.523,6,14,.429,9,13,.692,10,42,24,13,9,13,12
2001-02-17,,BOS,L,81,85,35,74,.473,1,12,.083,10,14,.714,6,42,24,3,4,12,26
2001-02-20,,DEN,W,104,94,39,84,.464,8,19,.421,18,21,.857,17,41,32,6,4,15,20
2001-02-22,,UTA,L,84,90,32,66,.485,3,11,.273,17,23,.739,3,32,20,10,5,18,23
2001-02-24,@,LAC,L,120,123,47,97,.485,10,22,.455,16,21,.762,10,39,32,12,3,15,27
2001-02-26,@,HOU,W,95,89,36,78,.462,7,20,.350,16,22,.727,9,41,29,6,4,15,20
2001-02-27,@,SAS,W,95,87,34,80,.425,5,12,.417,22,23,.957,13,43,21,6,6,8,17
2001-03-01,,LAC,W,94,81,41,79,.519,2,12,.167,10,15,.667,9,40,27,7,5,10,19
2001-03-03,,GSW,W,122,91,47,91,.516,8,20,.400,20,22,.909,14,48,32,8,5,9,16
2001-03-06,,VAN,L,97,105,40,90,.444,3,9,.333,14,20,.700,14,40,23,9,0,10,26
2001-03-08,,SAS,L,79,93,33,75,.440,3,11,.273,10,13,.769,12,37,21,2,4,12,22
2001-03-09,@,VAN,L,85,95,36,85,.424,6,17,.353,7,15,.467,16,43,26,6,4,13,22
2001-03-13,@,SEA,L,90,99,32,68,.471,8,19,.421,18,19,.947,8,38,24,5,6,16,23
2001-03-14,,PHO,L,79,84,31,74,.419,6,15,.400,11,18,.611,14,43,26,9,6,17,23
2001-03-16,,UTA,W,90,87,32,66,.485,4,16,.250,22,24,.917,5,31,19,10,5,15,23
2001-03-19,@,SAS,L,85,98,30,74,.405,6,18,.333,19,26,.731,10,34,17,6,7,14,27
2001-03-20,@,DAL,W,96,88,38,76,.500,1,5,.200,19,25,.760,11,50,26,4,2,14,22
2001-03-22,@,UTA,W,101,99,40,68,.588,4,12,.333,17,21,.810,5,30,21,5,3,14,23
2001-03-26,,LAC,W,104,96,36,76,.474,5,8,.625,27,36,.750,10,37,29,9,2,9,24
2001-03-28,,DAL,L,84,94,31,86,.360,3,13,.231,19,31,.613,16,45,22,12,4,15,22
2001-03-30,,NYK,W,96,79,32,66,.485,2,10,.200,30,44,.682,10,43,25,13,2,13,24
2001-04-01,,MIN,L,95,99,37,80,.463,3,11,.273,18,23,.783,15,41,23,6,4,14,14
2001-04-03,@,DEN,L,92,94,36,81,.444,3,13,.231,17,21,.810,11,45,22,5,12,17,18
2001-04-04,@,MIN,L,79,83,35,85,.412,0,11,.000,9,14,.643,16,49,22,8,3,17,22
2001-04-06,@,GSW,W,122,91,47,79,.595,7,12,.583,21,27,.778,10,47,31,16,12,23,25
2001-04-08,@,SAC,L,89,98,35,83,.422,3,13,.231,16,23,.696,9,49,20,3,8,13,27
2001-04-10,,GSW,W,116,88,41,76,.539,8,14,.571,26,36,.722,12,41,30,9,8,12,17
2001-04-12,@,VAN,W,100,87,41,92,.446,5,17,.294,13,18,.722,19,55,33,5,5,11,9
2001-04-13,,HOU,L,103,109,41,90,.456,8,21,.381,13,15,.867,13,39,27,11,2,11,23
2001-04-15,@,LAL,L,100,105,36,82,.439,7,17,.412,21,28,.750,12,36,17,5,2,5,23
2001-04-17,,SAS,L,93,99,40,82,.488,5,13,.385,8,13,.615,14,44,19,3,4,12,19
2001-10-30,@,LAL,L,87,98,31,73,.425,4,12,.333,21,27,.778,5,42,17,10,7,15,28
2001-10-31,,GSW,W,92,87,35,82,.427,7,11,.636,15,19,.789,14,41,27,5,10,16,20
2001-11-03,,SAS,L,90,106,33,82,.402,6,20,.300,18,23,.783,7,37,16,1,3,10,23
2001-11-04,@,GSW,L,86,96,33,78,.423,4,16,.250,16,23,.696,9,37,27,11,10,16,28
2001-11-06,,UTA,W,101,83,39,70,.557,6,17,.353,17,21,.810,11,34,27,11,4,20,23
2001-11-08,,LAC,W,119,101,44,86,.512,7,18,.389,24,30,.800,11,35,33,10,5,9,21
2001-11-10,@,IND,L,96,105,39,75,.520,4,15,.267,14,21,.667,10,40,24,9,1,15,23
2001-11-11,@,DET,W,100,98,39,81,.481,6,13,.462,16,19,.842,15,49,22,5,2,20,17
2001-11-13,@,NYK,L,82,89,32,90,.356,1,23,.043,17,26,.654,20,53,10,10,2,10,26
2001-11-15,@,MEM,W,101,85,37,85,.435,6,16,.375,21,27,.778,21,41,28,10,2,7,18
2001-11-17,@,CHH,W,97,87,36,72,.500,3,10,.300,22,25,.880,7,29,23,12,5,14,22
2001-11-20,,HOU,L,87,94,32,74,.432,1,8,.125,22,26,.846,11,41,20,5,4,13,17
2001-11-21,@,SAC,L,83,95,35,75,.467,3,10,.300,10,14,.714,9,41,20,7,4,17,19
2001-11-23,,DEN,W,97,90,34,77,.442,5,12,.417,24,37,.649,14,45,28,5,2,6,16
2001-11-27,,IND,W,96,90,34,74,.459,2,7,.286,26,32,.813,7,36,22,10,5,17,15
2001-11-30,,MIL,W,101,95,41,86,.477,6,17,.353,13,14,.929,21,46,24,8,3,11,19
2001-12-01,,PHO,L,83,97,33,82,.402,7,15,.467,10,13,.769,16,43,22,6,2,17,12
2001-12-06,,CHH,L,89,95,33,76,.434,3,10,.300,20,25,.800,14,45,21,6,6,19,21
2001-12-08,,SEA,W,113,92,45,81,.556,3,11,.273,20,28,.714,12,42,34,9,3,11,18
2001-12-11,@,DAL,L,103,105,41,81,.506,5,14,.357,16,24,.667,13,46,24,6,5,14,26
2001-12-14,@,UTA,L,85,93,32,71,.451,0,5,.000,21,31,.677,10,31,17,9,8,14,28
2001-12-15,,ORL,W,117,106,44,78,.564,10,15,.667,19,25,.760,9,37,32,5,6,12,27
2001-12-18,@,HOU,W,101,92,39,79,.494,4,9,.444,19,25,.760,13,39,23,10,5,8,16
2001-12-19,@,SAS,L,79,97,25,76,.329,4,13,.308,25,30,.833,15,46,12,6,6,18,16
2001-12-21,,DET,W,83,81,30,80,.375,3,11,.273,20,26,.769,19,48,19,9,6,15,22
2001-12-22,@,PHO,L,90,102,33,78,.423,10,24,.417,14,17,.824,12,39,22,8,3,17,15
2001-12-26,@,SAC,L,74,89,32,81,.395,1,13,.077,9,14,.643,11,47,19,8,3,17,17
2001-12-27,,UTA,L,87,99,26,66,.394,3,12,.250,32,39,.821,13,38,16,7,3,19,24
2001-12-30,,MIN,L,93,95,40,83,.482,9,15,.600,4,7,.571,8,30,32,5,2,6,14
2002-01-01,@,LAC,L,97,112,41,87,.471,4,13,.308,11,15,.733,13,36,23,9,7,10,18
2002-01-02,,TOR,L,84,95,31,82,.378,3,11,.273,19,24,.792,19,48,19,6,4,17,23
2002-01-05,,PHI,W,96,88,42,82,.512,5,13,.385,7,10,.700,14,46,33,8,6,17,15
2002-01-07,@,CLE,W,98,72,39,76,.513,2,6,.333,18,23,.783,11,47,27,8,6,10,10
2002-01-08,@,ATL,L,92,101,38,83,.458,4,17,.235,12,18,.667,11,40,21,10,4,19,18
2002-01-10,@,MIA,W,92,85,28,71,.394,6,16,.375,30,37,.811,16,37,13,13,3,10,22
2002-01-11,@,ORL,W,92,84,35,82,.427,5,15,.333,17,21,.810,20,50,22,9,6,16,23
2002-01-13,,CLE,W,96,64,35,79,.443,7,10,.700,19,29,.655,20,57,26,8,6,13,15
2002-01-16,@,PHO,W,108,99,41,85,.482,8,22,.364,18,28,.643,16,46,27,9,5,16,20
2002-01-17,,MIA,L,90,92,33,93,.355,6,24,.250,18,24,.750,20,54,18,8,3,11,24
2002-01-19,,LAC,W,113,93,45,83,.542,10,20,.500,13,14,.929,7,46,34,3,6,14,24
2002-01-22,,SAC,W,116,110,45,94,.479,8,16,.500,18,23,.783,15,52,24,5,2,11,16
2002-01-24,,MEM,W,120,82,48,86,.558,6,9,.667,18,21,.857,14,47,32,12,6,12,13
2002-01-29,@,SEA,W,92,86,38,78,.487,6,17,.353,10,15,.667,11,45,22,7,8,16,15
2002-01-31,,PHO,W,105,97,33,81,.407,6,20,.300,33,36,.917,16,49,23,7,6,17,18
2002-02-02,@,UTA,L,96,97,36,71,.507,9,18,.500,15,19,.789,10,32,21,15,5,20,16
2002-02-03,,CHI,W,101,96,38,75,.507,6,16,.375,19,26,.731,14,47,29,7,5,12,18
2002-02-05,@,DEN,L,96,97,40,92,.435,4,19,.211,12,14,.857,14,36,27,15,4,11,13
2002-02-06,@,MIN,L,103,113,37,79,.468,11,24,.458,18,21,.857,8,37,25,8,5,15,22
2002-02-13,,DAL,W,114,103,43,86,.500,8,16,.500,20,24,.833,12,45,31,13,1,16,18
2002-02-15,,BOS,L,104,107,34,77,.442,13,29,.448,23,26,.885,8,49,25,4,4,19,29
2002-02-17,,LAL,W,111,105,41,83,.494,6,14,.429,23,31,.742,14,44,28,7,2,13,17
2002-02-18,@,LAC,W,80,79,32,78,.410,1,10,.100,15,24,.625,12,55,21,4,7,9,20
2002-02-20,@,SEA,W,90,84,34,72,.472,5,15,.333,17,26,.654,13,49,15,7,4,17,15
2002-02-21,,ATL,W,94,79,38,82,.463,3,16,.188,15,22,.682,14,54,28,5,4,14,20
2002-02-23,,DEN,W,101,90,38,73,.521,7,14,.500,18,22,.818,4,38,27,6,3,14,24
2002-02-25,@,PHI,W,88,83,31,80,.388,10,24,.417,16,26,.615,13,46,23,6,7,10,18
2002-02-27,@,WAS,W,105,101,37,91,.407,7,18,.389,24,27,.889,20,49,20,12,5,9,19
2002-03-01,@,TOR,W,91,81,36,95,.379,4,18,.222,15,19,.789,24,58,15,11,7,14,13
2002-03-02,@,MIL,W,104,103,41,94,.436,6,23,.261,16,24,.667,16,45,28,9,4,11,22
2002-03-04,,SAC,W,107,95,38,81,.469,6,18,.333,25,28,.893,13,44,26,12,3,7,19
2002-03-06,,MIN,W,85,78,29,79,.367,5,16,.313,22,27,.815,13,43,18,10,5,12,16
2002-03-08,,NJN,W,82,73,31,72,.431,6,13,.462,14,19,.737,14,47,21,12,3,21,18
2002-03-09,@,DEN,L,106,109,38,87,.437,8,22,.364,22,29,.759,14,48,23,10,7,24,25
2002-03-14,,DAL,W,132,106,50,90,.556,13,27,.481,19,25,.760,12,35,40,13,4,15,17
2002-03-16,,WAS,W,95,80,39,72,.542,4,10,.400,13,21,.619,11,33,28,14,5,21,23
2002-03-18,@,BOS,W,100,91,35,74,.473,11,32,.344,19,24,.792,5,37,26,14,1,18,22
2002-03-20,@,NJN,L,82,97,34,82,.415,6,21,.286,8,11,.727,13,35,12,10,3,16,20
2002-03-22,@,CHI,W,109,93,40,78,.513,10,18,.556,19,25,.760,10,39,33,12,3,11,17
2002-03-23,@,MIN,W,108,99,37,88,.420,8,21,.381,26,32,.813,19,46,22,6,3,11,24
2002-03-25,,MEM,L,100,103,39,87,.448,7,15,.467,15,20,.750,19,44,21,11,1,16,28
2002-03-27,,SAS,W,98,93,38,85,.447,4,12,.333,18,26,.692,15,37,19,9,4,7,20
2002-03-29,@,LAL,L,79,91,30,92,.326,6,25,.240,13,19,.684,14,47,10,7,6,8,18
2002-03-30,,SEA,L,87,92,36,96,.375,4,22,.182,11,16,.688,20,50,25,9,3,11,19
2002-04-02,@,GSW,L,91,107,36,85,.424,4,13,.308,15,25,.600,18,41,25,7,2,10,15
2002-04-04,,NYK,W,88,80,30,79,.380,4,18,.222,24,33,.727,13,47,21,9,9,12,13
2002-04-06,,GSW,W,113,86,50,102,.490,2,12,.167,11,11,1.000,17,54,33,12,5,11,13
2002-04-08,@,SAS,L,87,99,32,81,.395,10,26,.385,13,17,.765,9,33,19,9,4,14,26
2002-04-09,@,DAL,L,96,108,36,84,.429,3,17,.176,21,25,.840,11,43,17,6,5,9,23
2002-04-11,@,MEM,L,99,102,36,80,.450,6,13,.462,21,24,.875,15,33,17,13,4,13,26
2002-04-12,@,HOU,W,80,79,30,77,.390,5,13,.385,15,19,.789,11,44,23,4,4,12,16
2002-04-14,,LAL,W,128,120,47,98,.480,10,28,.357,24,33,.727,13,48,31,14,5,12,28
2002-04-17,,HOU,W,92,79,38,80,.475,5,11,.455,11,15,.733,10,39,28,5,7,10,15
2002-10-30,,LAL,W,102,90,39,85,.459,4,8,.500,20,30,.667,19,46,23,14,3,14,20
2002-10-31,@,SAC,L,72,100,31,85,.365,2,12,.167,8,18,.444,12,41,20,5,4,14,24
2002-11-02,,DEN,L,79,96,29,72,.403,7,21,.333,14,23,.609,10,23,17,5,3,13,16
2002-11-03,@,LAL,L,95,98,35,77,.455,4,11,.364,21,25,.840,9,36,24,7,3,18,28
2002-11-06,,MEM,W,94,88,40,80,.500,1,7,.143,13,19,.684,15,40,29,8,5,13,18
2002-11-08,@,PHO,L,75,86,29,75,.387,5,12,.417,12,20,.600,10,35,18,9,5,12,22
2002-11-09,@,SAS,W,95,76,38,74,.514,4,7,.571,15,21,.714,7,40,23,12,5,14,18
2002-11-11,@,DAL,L,73,82,28,79,.354,6,17,.353,11,22,.500,17,47,17,10,2,18,17
2002-11-12,@,HOU,L,83,86,32,75,.427,4,12,.333,15,16,.938,12,41,22,3,1,12,19
2002-11-15,,LAC,W,112,88,42,77,.545,4,6,.667,24,28,.857,17,47,26,10,3,23,26
2002-11-20,,ORL,W,98,84,39,74,.527,5,15,.333,15,22,.682,8,49,28,3,5,19,19
2002-11-21,@,SEA,W,89,85,33,80,.413,2,11,.182,21,29,.724,16,49,20,2,9,11,14
2002-11-23,,SAC,L,94,95,36,77,.468,7,13,.538,15,19,.789,10,42,23,6,4,15,24
2002-11-26,,HOU,W,77,71,32,78,.410,2,12,.167,11,12,.917,8,42,26,10,8,12,20
2002-11-30,,NJN,L,86,93,34,84,.405,8,14,.571,10,20,.500,12,38,21,13,3,15,28
2002-12-04,,DAL,L,88,103,36,91,.396,3,17,.176,13,17,.765,19,46,25,8,7,16,14
2002-12-06,,MIA,W,88,69,32,80,.400,2,11,.182,22,33,.667,18,50,19,10,5,12,16
2002-12-08,@,TOR,W,104,91,41,70,.586,5,10,.500,17,19,.895,6,35,22,8,5,17,22
2002-12-10,@,WAS,W,98,79,40,80,.500,4,16,.250,14,20,.700,9,39,24,12,4,13,16
2002-12-11,@,NJN,L,104,105,38,88,.432,7,19,.368,21,31,.677,15,40,26,10,2,14,23
2002-12-13,@,MIL,L,79,101,33,68,.485,5,17,.294,8,16,.500,6,31,23,8,3,17,18
2002-12-14,@,MIN,W,98,92,38,92,.413,6,17,.353,16,23,.696,21,59,23,9,6,22,22
2002-12-17,,NOH,W,102,93,36,74,.486,5,11,.455,25,38,.658,12,45,23,8,7,8,18
2002-12-18,@,LAC,W,97,93,39,79,.494,7,16,.438,12,17,.706,8,36,26,8,2,14,24
2002-12-20,@,GSW,W,113,111,44,84,.524,3,12,.250,22,24,.917,9,34,31,12,4,15,24
2002-12-21,,SEA,W,81,80,34,84,.405,6,19,.316,7,13,.538,14,41,22,14,3,19,18
2002-12-27,,UTA,W,103,98,36,79,.456,2,15,.133,29,36,.806,16,42,23,11,2,15,27
2002-12-28,@,SAC,W,119,113,43,97,.443,7,18,.389,26,36,.722,16,48,26,15,2,14,24
2002-12-30,@,DET,W,85,74,29,63,.460,1,10,.100,26,32,.813,5,40,14,12,3,16,22
2002-12-31,@,CHI,L,87,102,31,74,.419,4,14,.286,21,31,.677,10,35,17,11,3,16,21
2003-01-03,@,BOS,W,108,103,39,74,.527,7,17,.412,23,33,.697,17,45,21,11,6,21,25
2003-01-05,@,NYK,W,92,89,31,75,.413,1,12,.083,29,35,.829,10,46,14,5,1,11,16
2003-01-07,,PHO,L,81,88,32,88,.364,3,20,.150,14,18,.778,12,45,20,9,2,15,21
2003-01-09,,SAS,W,90,87,33,74,.446,4,12,.333,20,28,.714,14,38,19,10,4,12,17
2003-01-10,@,DEN,L,81,82,29,82,.354,4,15,.267,19,24,.792,17,43,19,8,7,15,16
2003-01-13,,CLE,W,118,94,45,78,.577,5,11,.455,23,28,.821,7,40,32,11,3,11,19
2003-01-15,,MEM,W,100,92,44,78,.564,4,14,.286,8,11,.727,8,42,29,7,5,13,20
2003-01-18,,MIN,L,98,104,33,82,.402,3,19,.158,29,37,.784,10,40,21,6,3,10,24
2003-01-20,@,MEM,W,99,87,42,87,.483,1,7,.143,14,16,.875,9,42,29,13,4,14,22
2003-01-22,@,ATL,W,112,110,40,97,.412,4,12,.333,28,36,.778,18,57,22,10,3,14,28
2003-01-24,@,NOH,W,97,96,35,91,.385,6,19,.316,21,25,.840,17,44,23,10,1,9,23
2003-01-26,@,DAL,W,100,93,37,85,.435,4,11,.364,22,29,.759,19,50,20,11,5,12,21
2003-01-28,,DEN,W,98,92,33,71,.465,2,9,.222,30,35,.857,9,35,17,14,3,13,16
2003-01-29,@,UTA,L,71,95,25,77,.325,2,14,.143,19,25,.760,18,47,15,3,2,16,21
2003-01-31,,CHI,W,107,94,41,82,.500,6,16,.375,19,26,.731,20,48,33,6,3,18,22
2003-02-02,@,CLE,W,114,95,42,83,.506,7,13,.538,23,28,.821,11,37,30,13,4,12,20
2003-02-04,@,ORL,W,96,89,36,77,.468,3,11,.273,21,29,.724,8,49,28,10,9,15,19
2003-02-05,@,MIA,W,101,87,34,75,.453,6,14,.429,27,32,.844,11,42,13,7,2,13,15
2003-02-11,,SAS,L,111,116,43,98,.439,4,17,.235,21,27,.778,13,38,26,11,5,9,31
2003-02-13,,BOS,L,92,100,31,63,.492,2,15,.133,28,41,.683,8,43,23,7,2,24,22
2003-02-15,,SEA,W,101,96,33,74,.446,8,21,.381,27,32,.844,12,39,21,4,4,16,21
2003-02-17,,NYK,W,99,91,40,78,.513,6,13,.462,13,18,.722,12,42,27,10,6,19,16
2003-02-19,,GSW,W,125,98,49,90,.544,7,16,.438,20,24,.833,11,34,25,13,6,13,17
2003-02-21,@,LAL,L,84,92,33,77,.429,6,24,.250,12,17,.706,4,35,17,4,2,18,24
2003-02-22,,MIL,L,90,93,39,78,.500,8,17,.471,4,7,.571,11,41,23,1,3,13,18
2003-02-25,,ATL,W,89,86,36,79,.456,2,11,.182,15,18,.833,13,39,25,12,2,14,16
2003-02-26,@,DEN,W,94,84,35,69,.507,3,11,.273,21,32,.656,9,28,18,13,3,12,23
2003-02-28,,LAC,W,109,103,44,87,.506,2,11,.182,19,29,.655,18,43,25,11,4,11,23
2003-03-02,,DET,W,103,86,40,69,.580,4,9,.444,19,25,.760,7,36,19,8,3,9,15
2003-03-05,@,PHO,L,92,98,33,85,.388,8,26,.308,18,21,.857,16,39,20,6,2,10,21
2003-03-06,,PHI,L,60,88,26,72,.361,0,10,.000,8,17,.471,9,42,15,8,5,21,22
2003-03-08,,IND,W,94,80,34,68,.500,3,13,.231,23,29,.793,11,43,22,8,6,16,18
2003-03-11,@,SEA,W,92,77,35,69,.507,8,16,.500,14,16,.875,11,41,20,7,2,18,19
2003-03-12,,TOR,W,125,103,50,78,.641,9,15,.600,16,22,.727,6,36,35,6,4,8,16
2003-03-14,@,PHI,L,79,90,31,70,.443,4,16,.250,13,15,.867,8,37,15,9,5,25,16
2003-03-16,@,MIN,L,95,111,39,80,.488,3,14,.214,14,20,.700,15,35,26,5,4,14,19
2003-03-17,@,IND,W,95,88,34,72,.472,2,9,.222,25,33,.758,12,37,20,12,6,12,17
2003-03-19,,HOU,W,94,83,39,74,.527,6,13,.462,10,13,.769,10,37,25,9,5,15,19
2003-03-22,,SAC,L,104,113,40,85,.471,7,21,.333,17,23,.739,8,39,28,7,0,13,17
2003-03-25,,WAS,L,91,95,37,81,.457,4,10,.400,13,22,.591,16,44,27,5,4,15,16
2003-03-26,@,UTA,L,85,94,32,71,.451,5,14,.357,16,18,.889,9,36,18,7,2,19,21
2003-03-28,,DAL,W,112,95,44,81,.543,7,15,.467,17,25,.680,13,48,29,5,1,15,18
2003-04-01,,GSW,W,100,86,38,79,.481,4,8,.500,20,25,.800,11,45,29,12,4,15,16
2003-04-03,,UTA,L,88,93,34,79,.430,7,18,.389,13,16,.813,17,36,22,9,2,16,16
2003-04-04,@,GSW,W,122,100,47,87,.540,11,25,.440,17,22,.773,11,47,31,10,5,15,17
2003-04-06,,MIN,L,78,97,28,70,.400,6,17,.353,16,23,.696,9,31,16,6,3,9,14
2003-04-08,@,HOU,W,81,66,32,72,.444,4,9,.444,13,15,.867,11,41,14,9,5,11,18
2003-04-09,@,SAS,L,79,84,31,81,.383,6,15,.400,11,14,.786,15,42,13,13,11,14,21
2003-04-11,@,MEM,L,93,96,36,92,.391,4,12,.333,17,23,.739,21,51,21,13,6,11,18
2003-04-13,,LAL,W,101,99,41,79,.519,6,12,.500,13,18,.722,11,37,28,7,3,12,26
2003-04-15,,PHO,W,120,102,48,84,.571,4,15,.267,20,24,.833,10,41,30,13,1,16,18
2003-04-16,@,LAC,L,93,107,37,89,.416,5,16,.313,14,18,.778,13,40,21,8,2,12,18
2003-10-29,@,UTA,L,92,99,36,84,.429,4,12,.333,16,21,.762,20,40,20,10,2,15,20
2003-11-01,,CLE,W,104,85,38,77,.494,6,15,.400,22,29,.759,8,38,27,7,3,12,22
2003-11-03,,PHI,L,83,94,31,79,.392,3,11,.273,18,28,.643,16,41,22,12,3,19,27
2003-11-05,,MEM,W,93,87,36,78,.462,2,4,.500,19,23,.826,16,50,20,6,6,15,18
2003-11-07,@,SEA,L,82,100,36,82,.439,4,12,.333,6,12,.500,15,43,17,5,3,18,19
2003-11-08,,ATL,W,90,83,37,87,.425,7,14,.500,9,10,.900,11,41,28,7,6,9,10
2003-11-11,,TOR,W,83,80,36,79,.456,3,7,.429,8,12,.667,15,45,21,3,2,11,19
2003-11-13,,SAC,W,112,110,47,90,.522,2,7,.286,16,18,.889,12,44,28,12,5,17,17
2003-11-15,@,NOH,L,79,101,30,83,.361,4,17,.235,15,19,.789,16,40,16,7,5,14,14
2003-11-17,@,DAL,L,98,105,39,88,.443,5,15,.333,15,21,.714,24,53,22,8,3,13,20
2003-11-19,,MIA,W,94,93,34,71,.479,4,12,.333,22,30,.733,10,42,19,10,6,17,16
2003-11-21,,HOU,W,85,78,28,82,.341,6,16,.375,23,28,.821,17,44,20,9,1,9,17
2003-11-23,@,GSW,L,72,78,32,83,.386,1,15,.067,7,15,.467,15,47,21,5,2,15,25
2003-11-25,,WAS,L,80,81,34,77,.442,1,7,.143,11,16,.688,18,47,24,8,2,20,17
2003-11-28,,NJN,W,97,93,41,83,.494,4,10,.400,11,18,.611,11,43,28,7,4,9,21
2003-12-03,,IND,W,97,95,38,91,.418,2,13,.154,19,27,.704,15,40,21,12,7,9,19
2003-12-05,,NYK,W,88,81,36,78,.462,4,13,.308,12,16,.750,14,39,25,5,1,12,18
2003-12-07,@,MEM,L,79,93,35,71,.493,3,14,.214,6,7,.857,10,39,19,3,11,18,20
2003-12-09,@,HOU,L,91,93,33,81,.407,9,16,.563,16,20,.800,14,36,20,7,6,10,18
2003-12-10,@,SAS,L,77,102,29,88,.330,5,15,.333,14,18,.778,16,47,16,2,6,11,16
2003-12-13,,LAL,W,112,108,45,88,.511,9,19,.474,13,20,.650,14,45,29,5,1,11,22
2003-12-16,,MIL,L,99,106,43,84,.512,4,13,.308,9,14,.643,9,36,32,8,2,13,19
2003-12-18,,PHO,W,101,94,38,77,.494,3,12,.250,22,25,.880,11,47,25,4,5,14,16
2003-12-20,,SAS,L,91,101,35,81,.432,2,11,.182,19,25,.760,14,40,20,5,4,7,17
2003-12-21,@,SAC,L,98,117,42,84,.500,2,9,.222,12,14,.857,10,34,21,6,3,12,25
2003-12-23,,DAL,W,97,88,40,76,.526,4,14,.286,13,21,.619,10,38,29,10,3,11,22
2003-12-26,,MIN,W,101,92,37,77,.481,3,9,.333,24,32,.750,17,45,20,6,3,11,15
2003-12-28,@,CLE,L,74,86,28,81,.346,6,18,.333,12,17,.706,12,40,19,8,5,12,14
2003-12-29,@,NJN,W,91,87,39,76,.513,3,13,.231,10,11,.909,12,44,24,4,4,14,22
2003-12-31,@,DET,L,71,78,28,70,.400,3,11,.273,12,16,.750,9,36,18,5,6,10,12
2004-01-02,,DEN,L,96,106,36,74,.486,8,13,.615,16,28,.571,9,36,27,4,6,14,22
2004-01-05,@,SEA,L,108,119,45,91,.495,6,16,.375,12,18,.667,19,49,23,9,1,14,17
2004-01-08,@,MIN,L,75,96,32,78,.410,2,8,.250,9,13,.692,10,37,16,5,3,16,17
2004-01-09,@,CHI,W,87,78,31,71,.437,2,8,.250,23,31,.742,12,49,21,5,11,20,23
2004-01-11,@,TOR,L,72,83,26,80,.325,3,14,.214,17,26,.654,18,39,14,3,3,9,12
2004-01-13,@,LAC,L,96,103,37,82,.451,7,16,.438,15,21,.714,14,47,20,3,6,16,27
2004-01-15,,PHO,L,96,105,36,76,.474,6,13,.462,18,29,.621,16,40,22,8,3,17,14
2004-01-17,,DAL,L,104,108,37,72,.514,5,14,.357,25,31,.806,10,39,22,4,6,18,24
2004-01-18,@,PHO,L,92,96,34,79,.430,7,18,.389,17,23,.739,9,34,18,14,6,21,17
2004-01-20,@,SAC,W,109,104,42,86,.488,4,10,.400,21,37,.568,16,56,21,7,6,14,32
2004-01-24,,GSW,L,87,105,38,80,.475,6,13,.462,5,10,.500,9,34,23,9,3,16,19
2004-01-26,@,WAS,W,94,83,38,73,.521,11,21,.524,7,13,.538,3,32,30,8,3,16,17
2004-01-28,@,MEM,W,88,76,32,80,.400,7,14,.500,17,20,.850,14,51,24,8,5,15,23
2004-01-29,@,ATL,W,93,85,36,81,.444,6,22,.273,15,21,.714,13,39,18,10,0,15,14
2004-01-31,,CHI,W,102,95,40,82,.488,5,19,.263,17,23,.739,7,43,29,5,5,13,22
2004-02-02,@,DEN,L,97,116,36,81,.444,3,8,.375,22,35,.629,17,48,19,5,4,24,27
2004-02-04,@,PHO,W,101,97,41,80,.513,8,16,.500,11,14,.786,9,37,27,8,5,14,24
2004-02-06,@,UTA,W,87,73,28,67,.418,4,13,.308,27,32,.844,8,37,17,10,8,13,22
2004-02-08,,SEA,W,95,85,35,79,.443,6,17,.353,19,23,.826,9,46,27,10,5,13,16
2004-02-10,,UTA,L,81,86,29,67,.433,3,16,.188,20,25,.800,8,34,18,11,3,13,21
2004-02-12,,DEN,L,98,107,39,80,.488,4,17,.235,16,26,.615,14,43,31,7,4,19,24
2004-02-17,@,LAL,L,86,89,34,78,.436,6,15,.400,12,15,.800,8,34,21,10,2,10,20
2004-02-18,,LAC,W,101,86,39,82,.476,8,16,.500,15,20,.750,20,43,29,11,7,15,19
2004-02-20,@,GSW,W,94,93,34,84,.405,5,12,.417,21,26,.808,19,50,19,6,9,10,19
2004-02-21,,BOS,W,105,84,38,73,.521,3,11,.273,26,32,.813,10,42,28,9,6,14,26
2004-02-23,@,MIA,W,89,81,34,73,.466,5,15,.333,16,22,.727,9,35,15,10,5,12,15
2004-02-24,@,ORL,W,94,91,37,80,.463,7,17,.412,13,21,.619,10,48,17,1,12,17,21
2004-02-27,@,HOU,L,85,89,32,68,.471,6,11,.545,15,20,.750,8,40,21,6,8,18,21
2004-02-28,@,DAL,L,91,111,32,80,.400,5,16,.313,22,26,.846,12,40,19,3,5,11,19
2004-03-03,,MEM,L,88,97,34,89,.382,2,11,.182,18,21,.857,19,49,19,10,6,16,17
2004-03-04,,DET,L,68,83,25,73,.342,7,16,.438,11,14,.786,11,35,13,7,2,14,19
2004-03-06,,UTA,W,91,70,34,70,.486,5,13,.385,18,24,.750,6,31,29,8,12,11,22
2004-03-07,@,LAC,L,71,91,30,84,.357,4,14,.286,7,12,.583,16,40,16,6,5,13,17
2004-03-10,,MIN,W,92,79,38,79,.481,7,15,.467,9,18,.500,17,44,24,10,8,13,12
2004-03-12,,SAC,W,83,81,36,83,.434,2,12,.167,9,12,.750,15,48,19,11,9,13,14
2004-03-14,@,MIN,W,92,83,32,76,.421,6,14,.429,22,32,.688,22,52,17,3,13,10,17
2004-03-16,@,MIL,W,100,99,42,87,.483,4,16,.250,12,12,1.000,12,42,24,7,5,10,17
2004-03-17,@,IND,L,71,80,24,61,.393,4,15,.267,19,25,.760,10,36,11,9,12,18,17
2004-03-20,,ORL,W,92,73,39,79,.494,6,15,.400,8,9,.889,10,48,30,5,12,17,19
2004-03-22,,HOU,L,85,93,30,80,.375,4,13,.308,21,33,.636,16,43,17,9,6,9,19
2004-03-24,,LAC,W,91,85,34,83,.410,7,21,.333,16,20,.800,14,36,21,9,5,8,19
2004-03-27,,SEA,W,115,108,39,83,.470,7,13,.538,30,42,.714,14,39,24,12,6,8,14
2004-03-29,@,NYK,L,91,92,34,68,.500,3,11,.273,20,23,.870,6,36,17,7,10,13,14
2004-03-31,@,BOS,W,105,98,45,74,.608,2,7,.286,13,19,.684,12,44,26,10,8,21,17
2004-04-01,@,PHI,W,88,82,34,70,.486,5,12,.417,15,20,.750,9,39,21,8,7,12,14
2004-04-03,,NOH,L,81,94,32,80,.400,2,18,.111,15,20,.750,18,44,18,7,6,12,17
2004-04-06,@,LAL,W,91,80,38,76,.500,5,12,.417,10,11,.909,9,39,25,14,9,18,18
2004-04-07,,GSW,W,87,81,34,72,.472,4,9,.444,15,18,.833,4,36,21,9,12,8,12
2004-04-09,@,SAS,L,74,84,29,70,.414,5,12,.417,11,16,.688,15,37,12,11,5,15,20
2004-04-10,@,DEN,L,100,110,38,78,.487,7,15,.467,17,26,.654,9,40,15,9,7,17,21
2004-04-12,,SAS,L,66,78,24,78,.308,3,14,.214,15,19,.789,11,37,14,11,3,14,23
2004-04-14,,LAL,L,104,105,44,91,.484,4,11,.364,12,18,.667,14,55,28,6,5,19,24